{
    "MIX_large": {
        "max_corr": {
            "Capacity": 0.8180299997329712,
            "Plateau Voltage": 0.9918909072875977,
            "dQ/dV Peak": 0.664568305015564,
            "Resistance": 0.26476022601127625
        },
        "top_dimensions": {
            "Dim 38": {
                "Capacity": 0.7006083726882935,
                "Plateau Voltage": 0.9918909072875977,
                "dQ/dV Peak": -0.664568305015564,
                "Resistance": -0.26476022601127625
            },
            "Dim 33": {
                "Capacity": 0.7392202615737915,
                "Plateau Voltage": 0.9741873145103455,
                "dQ/dV Peak": -0.6562080383300781,
                "Resistance": -0.24915465712547302
            },
            "Dim 55": {
                "Capacity": -0.6272621154785156,
                "Plateau Voltage": -0.959264874458313,
                "dQ/dV Peak": 0.6507171392440796,
                "Resistance": 0.26079052686691284
            },
            "Dim 62": {
                "Capacity": 0.6357004046440125,
                "Plateau Voltage": 0.9506566524505615,
                "dQ/dV Peak": -0.6371733546257019,
                "Resistance": -0.2613811492919922
            },
            "Dim 63": {
                "Capacity": 0.730779767036438,
                "Plateau Voltage": 0.9497020244598389,
                "dQ/dV Peak": -0.640198290348053,
                "Resistance": -0.23980669677257538
            },
            "Dim 51": {
                "Capacity": 0.6597983837127686,
                "Plateau Voltage": 0.949658215045929,
                "dQ/dV Peak": -0.6411647200584412,
                "Resistance": -0.24615490436553955
            },
            "Dim 24": {
                "Capacity": -0.6451123952865601,
                "Plateau Voltage": -0.9236946105957031,
                "dQ/dV Peak": 0.6230414509773254,
                "Resistance": 0.2452506273984909
            },
            "Dim 12": {
                "Capacity": 0.6981774568557739,
                "Plateau Voltage": 0.9184856414794922,
                "dQ/dV Peak": -0.608039379119873,
                "Resistance": -0.23202510178089142
            },
            "Dim 25": {
                "Capacity": -0.48382025957107544,
                "Plateau Voltage": -0.9161123037338257,
                "dQ/dV Peak": 0.6219150424003601,
                "Resistance": 0.25813162326812744
            },
            "Dim 48": {
                "Capacity": -0.7404975891113281,
                "Plateau Voltage": -0.9155800342559814,
                "dQ/dV Peak": 0.618783712387085,
                "Resistance": 0.22440887987613678
            },
            "Dim 7": {
                "Capacity": -0.7065433263778687,
                "Plateau Voltage": -0.9032820463180542,
                "dQ/dV Peak": 0.6056689023971558,
                "Resistance": 0.23589718341827393
            },
            "Dim 45": {
                "Capacity": 0.6764934062957764,
                "Plateau Voltage": 0.8989993333816528,
                "dQ/dV Peak": -0.6057603359222412,
                "Resistance": -0.22069095075130463
            }
        }
    },
    "ZN-coin": {
        "max_corr": {
            "Capacity": 0.7854850888252258,
            "Plateau Voltage": 0.22957077622413635,
            "dQ/dV Peak": 0.6015963554382324,
            "Resistance": 0.9615792036056519
        },
        "top_dimensions": {
            "Dim 47": {
                "Capacity": -0.2233143448829651,
                "Plateau Voltage": -0.08774828910827637,
                "dQ/dV Peak": -0.05090189352631569,
                "Resistance": -0.9615792036056519
            },
            "Dim 53": {
                "Capacity": -0.2674602270126343,
                "Plateau Voltage": -0.12055632472038269,
                "dQ/dV Peak": -0.06835664063692093,
                "Resistance": -0.9266914129257202
            },
            "Dim 44": {
                "Capacity": 0.3023969233036041,
                "Plateau Voltage": 0.17237979173660278,
                "dQ/dV Peak": 0.07749372720718384,
                "Resistance": 0.9072750806808472
            },
            "Dim 61": {
                "Capacity": 0.2248384952545166,
                "Plateau Voltage": 0.15369117259979248,
                "dQ/dV Peak": 0.01647091843187809,
                "Resistance": 0.8910739421844482
            },
            "Dim 49": {
                "Capacity": 0.12764650583267212,
                "Plateau Voltage": -0.00759017001837492,
                "dQ/dV Peak": 0.19766710698604584,
                "Resistance": -0.8867477774620056
            },
            "Dim 50": {
                "Capacity": 0.45474326610565186,
                "Plateau Voltage": 0.16153287887573242,
                "dQ/dV Peak": 0.22308099269866943,
                "Resistance": 0.8846416473388672
            },
            "Dim 30": {
                "Capacity": -0.3002121150493622,
                "Plateau Voltage": 0.03511592373251915,
                "dQ/dV Peak": -0.21259355545043945,
                "Resistance": -0.8310095071792603
            },
            "Dim 38": {
                "Capacity": 0.21224385499954224,
                "Plateau Voltage": 0.029383575543761253,
                "dQ/dV Peak": 0.2263759821653366,
                "Resistance": -0.8226661086082458
            },
            "Dim 28": {
                "Capacity": 0.15088559687137604,
                "Plateau Voltage": 0.08690771460533142,
                "dQ/dV Peak": 0.1500832885503769,
                "Resistance": -0.8207583427429199
            },
            "Dim 33": {
                "Capacity": 0.20058801770210266,
                "Plateau Voltage": -0.005886947736144066,
                "dQ/dV Peak": 0.2356240153312683,
                "Resistance": -0.8163070678710938
            },
            "Dim 62": {
                "Capacity": 0.25295519828796387,
                "Plateau Voltage": 0.04688757285475731,
                "dQ/dV Peak": 0.25113606452941895,
                "Resistance": -0.8125229477882385
            },
            "Dim 60": {
                "Capacity": -0.20920251309871674,
                "Plateau Voltage": -0.02287398651242256,
                "dQ/dV Peak": -0.2213495373725891,
                "Resistance": 0.8032513856887817
            }
        }
    },
    "NAion": {
        "max_corr": {
            "Capacity": 0.8289270997047424,
            "Plateau Voltage": 0.677536129951477,
            "dQ/dV Peak": 0.9180324673652649,
            "Resistance": 0.5320178270339966
        },
        "top_dimensions": {
            "Dim 60": {
                "Capacity": 0.6826558113098145,
                "Plateau Voltage": -0.6391680240631104,
                "dQ/dV Peak": 0.9180324673652649,
                "Resistance": -0.011881565675139427
            },
            "Dim 35": {
                "Capacity": -0.6659518480300903,
                "Plateau Voltage": 0.6412546634674072,
                "dQ/dV Peak": -0.9163380861282349,
                "Resistance": 0.07185710966587067
            },
            "Dim 52": {
                "Capacity": 0.6026444435119629,
                "Plateau Voltage": -0.677536129951477,
                "dQ/dV Peak": 0.915562629699707,
                "Resistance": -0.09501495212316513
            },
            "Dim 48": {
                "Capacity": -0.7034721374511719,
                "Plateau Voltage": 0.6179734468460083,
                "dQ/dV Peak": -0.9148859977722168,
                "Resistance": 0.18091213703155518
            },
            "Dim 55": {
                "Capacity": 0.7291978001594543,
                "Plateau Voltage": -0.5962196588516235,
                "dQ/dV Peak": 0.9139779806137085,
                "Resistance": -0.021645942702889442
            },
            "Dim 45": {
                "Capacity": 0.6321188807487488,